Date,Rolling,EWMA,"GARCH(1,1)"
2025-04-08,,0.811218,0.644261
2025-04-09,,0.811218,0.619925
2025-04-10,,0.962355,0.655910
2025-04-11,,0.948120,0.628101
2025-04-14,,0.932168,0.600570
2025-04-15,,0.907742,0.571152
2025-04-16,,0.880119,0.542164
2025-04-17,,0.867166,0.521991
2025-04-21,,0.842473,0.496947
2025-04-22,,0.820350,0.474919
2025-04-23,,0.805954,0.457293
2025-04-24,,0.786973,0.438584
2025-04-25,,0.766294,0.420159
2025-04-28,,0.743143,0.401672
2025-04-29,,0.720680,0.384544
2025-04-30,,0.699005,0.368744
2025-05-01,,0.678124,0.354210
2025-05-02,,0.657636,0.340717
2025-05-05,,0.654567,0.338174
2025-05-06,,0.646683,0.333079
2025-05-07,,0.627026,0.321311
2025-05-08,,0.609553,0.311560
2025-05-09,,0.591491,0.301681
2025-05-12,,0.573835,0.292584
2025-05-13,,0.605162,0.309841
2025-05-14,,0.588039,0.300478
2025-05-15,,0.570231,0.291500
2025-05-16,,0.553095,0.283405
2025-05-19,,0.536257,0.275843
2025-05-20,0.569945,0.521944,0.270290
2025-05-21,0.551835,0.507317,0.264785
2025-05-22,0.367775,0.500157,0.263843
2025-05-23,0.356372,0.485125,0.258242
2025-05-27,0.344716,0.485269,0.261462
2025-05-28,0.338702,0.480411,0.260486
2025-05-29,0.338724,0.465793,0.255000
2025-05-30,0.317624,0.451696,0.250156
2025-06-02,0.315497,0.438283,0.245753
2025-06-03,0.310026,0.425249,0.241771
2025-06-04,0.295163,0.413395,0.238480
2025-06-05,0.288282,0.400894,0.235270
2025-06-06,0.287204,0.390967,0.233632
2025-06-09,0.288683,0.384296,0.232846
2025-06-10,0.289048,0.375590,0.231784
2025-06-11,0.293123,0.364904,0.229352
2025-06-12,0.292397,0.361725,0.230957
2025-06-13,0.293775,0.350801,0.228412
2025-06-16,0.275968,0.344383,0.228302
2025-06-17,0.263172,0.336139,0.226731
2025-06-18,0.263577,0.330485,0.226873
2025-06-20,0.269196,0.320958,0.224864
2025-06-23,0.268751,0.322969,0.227080
2025-06-24,0.269072,0.313279,0.224949
2025-06-25,0.199022,0.304622,0.223541
2025-06-26,0.195980,0.296347,0.222007
2025-06-27,0.196074,0.287523,0.220569
2025-06-30,0.205945,0.278768,0.219131
2025-07-01,0.209816,0.281388,0.221260
2025-07-02,0.216801,0.277342,0.221012
2025-07-03,0.215153,0.282158,0.223607
2025-07-07,0.209631,0.274312,0.221977
2025-07-08,0.209144,0.274049,0.223600
2025-07-09,0.185849,0.265703,0.221838
2025-07-10,0.173733,0.258452,0.220410
2025-07-11,0.175216,0.251661,0.219191
2025-07-14,0.179423,0.245072,0.218405
2025-07-15,0.179211,0.242221,0.218956
2025-07-16,0.179336,0.235019,0.217694
2025-07-17,0.178389,0.228690,0.216692
2025-07-18,0.178550,0.221738,0.215708
2025-07-21,0.175219,0.216048,0.214964
2025-07-22,0.171267,0.210821,0.214359
2025-07-23,0.166429,0.207370,0.214175
2025-07-24,0.166347,0.201104,0.213492
2025-07-25,0.153882,0.195106,0.212922
2025-07-28,0.153954,0.189175,0.212322
2025-07-29,0.153208,0.183438,0.211786
2025-07-30,0.155950,0.184971,0.213387
2025-07-31,0.151007,0.183980,0.214141
2025-08-01,0.170132,0.180502,0.214109
2025-08-04,0.158282,0.200800,0.220340
2025-08-05,0.158314,0.195569,0.219033
2025-08-06,0.212261,0.189790,0.217870
2025-08-07,0.228332,0.266714,0.238515
2025-08-08,0.253392,0.285797,0.243163
2025-08-11,0.255858,0.320626,0.253274
2025-08-12,0.252183,0.312559,0.249287
2025-08-13,0.253291,0.305940,0.245661
2025-08-14,0.247954,0.302993,0.243472
2025-08-15,0.248992,0.293906,0.239766
2025-08-18,0.242574,0.285649,0.236687
2025-08-19,0.242805,0.277197,0.233719
2025-08-20,0.251705,0.268810,0.230953
2025-08-21,0.252303,0.271901,0.232577
2025-08-22,0.253015,0.264312,0.230221
2025-08-25,0.249714,0.260928,0.228936
2025-08-26,0.250424,0.253187,0.226745
2025-08-27,0.250433,0.248192,0.225254
2025-08-28,0.250720,0.241457,0.223441
2025-08-29,0.251091,0.236669,0.222238
2025-09-02,0.253999,0.229567,0.220707
2025-09-03,0.272801,0.226272,0.220596
2025-09-04,0.272475,0.263166,0.231403
2025-09-05,0.272248,0.256037,0.228965
2025-09-08,0.274119,0.248241,0.226651
2025-09-09,0.279261,0.242477,0.225306
2025-09-10,0.294586,0.242171,0.225863
2025-09-11,0.293853,0.267182,0.234653
2025-09-12,0.294952,0.264850,0.233228
2025-09-15,0.282064,0.265556,0.232811
2025-09-16,0.282071,0.261106,0.230960
2025-09-17,0.281254,0.254263,0.228620
2025-09-18,0.249393,0.246897,0.226359
2025-09-19,0.249617,0.240059,0.224633
2025-09-22,0.250555,0.263064,0.231283
2025-09-23,0.249815,0.303262,0.243718
2025-09-24,0.251300,0.295096,0.240405
2025-09-25,0.252255,0.287950,0.237730
2025-09-26,0.253021,0.287735,0.236958
2025-09-29,0.252734,0.279789,0.234214
2025-09-30,0.252167,0.271720,0.231593
2025-10-01,0.251775,0.263460,0.228979
2025-10-02,0.241941,0.255740,0.226668
2025-10-03,0.240379,0.249255,0.224826
2025-10-06,0.240732,0.242035,0.222964
2025-10-07,0.240355,0.235521,0.221666
2025-10-08,0.239905,0.228368,0.220146
2025-10-09,0.246510,0.222695,0.218969
2025-10-10,0.269665,0.224376,0.220514
2025-10-13,0.270398,0.256877,0.231623
2025-10-14,0.267803,0.251890,0.229651
2025-10-15,0.246989,0.244223,0.227245
2025-10-16,0.248061,0.238053,0.225317
2025-10-17,0.253614,0.232690,0.224122
2025-10-20,0.273550,0.237843,0.225380
2025-10-21,0.268106,0.275314,0.236311
2025-10-22,0.252535,0.267042,0.233212
2025-10-23,0.250811,0.266810,0.233371
2025-10-24,0.248903,0.259238,0.230654
2025-10-27,0.253931,0.255927,0.229273
2025-10-28,0.254068,0.263149,0.231068
2025-10-29,0.254099,0.255147,0.228510
2025-10-30,0.252825,0.247580,0.226231
2025-10-31,0.240299,0.241278,0.224409
2025-11-03,0.210884,0.234395,0.222802
2025-11-04,0.209538,0.228050,0.221488
2025-11-05,0.207306,0.221563,0.219994
2025-11-06,0.202136,0.214818,0.218619
2025-11-07,0.201939,0.208342,0.217456
2025-11-10,0.201366,0.202867,0.216723
2025-11-11,0.209032,0.197477,0.215796
2025-11-12,0.210680,0.208717,0.218804
2025-11-13,0.210623,0.203925,0.218147
2025-11-14,0.210891,0.197851,0.217067
2025-11-17,0.218029,0.191979,0.216111
2025-11-18,0.217973,0.199322,0.218945
2025-11-19,0.217679,0.193250,0.217694
2025-11-20,0.213796,0.188066,0.216639
2025-11-21,0.189483,0.185405,0.216601
2025-11-24,0.192265,0.195079,0.218810
2025-11-25,0.192027,0.199333,0.219697
2025-11-26,0.191926,0.193824,0.218404
2025-11-28,0.188968,0.188095,0.217198
2025-12-01,0.186353,0.183268,0.216228
2025-12-02,0.156201,0.187167,0.217123
2025-12-03,0.158912,0.186310,0.216941
2025-12-04,0.154778,0.182763,0.216599
2025-12-05,0.157185,0.183452,0.217391
2025-12-08,0.155055,0.179854,0.216951
2025-12-09,0.142577,0.174818,0.216102
2025-12-10,0.143220,0.169784,0.215293
2025-12-11,0.143599,0.166126,0.214617
2025-12-12,0.142738,0.161406,0.213984
2025-12-15,0.149541,0.156528,0.213261
2025-12-16,0.148704,0.162719,0.215303
2025-12-17,0.151674,0.157921,0.214434
2025-12-18,0.151704,0.158104,0.214967
2025-12-19,0.152336,0.153369,0.214134
2025-12-22,0.154581,0.150185,0.213559
2025-12-23,0.154727,0.150627,0.214143
2025-12-24,0.142276,0.147387,0.213543
2025-12-26,0.141082,0.144381,0.213025
2025-12-29,0.141015,0.140104,0.212488
2025-12-30,0.141088,0.135932,0.211930
2025-12-31,0.130699,0.132145,0.211582
2026-01-02,0.131125,0.129297,0.211467
2026-01-05,0.137015,0.125948,0.211225
2026-01-06,0.145066,0.133592,0.213149
2026-01-07,0.133492,0.148166,0.216422
2026-01-08,0.122939,0.146794,0.216245
2026-01-09,0.122101,0.143626,0.215663
2026-01-12,0.122552,0.139339,0.214753
2026-01-13,0.121863,0.135735,0.213985
2026-01-14,0.110312,0.132140,0.213290
2026-01-15,0.102865,0.129143,0.212948
2026-01-16,0.104326,0.127934,0.212994
2026-01-20,0.137002,0.130503,0.213763
2026-01-21,0.138767,0.186301,0.225972
2026-01-22,0.140140,0.181243,0.224005
2026-01-23,0.140287,0.176064,0.222210
2026-01-26,0.167917,0.170769,0.220650
2026-01-27,0.172790,0.200936,0.226638
2026-01-28,0.172997,0.199568,0.225448
2026-01-29,0.171177,0.195454,0.224156
2026-01-30,0.171912,0.191528,0.222646
2026-02-02,0.208155,0.186566,0.221079
2026-02-03,0.208163,0.238001,0.233443
2026-02-04,0.220920,0.230877,0.230736
2026-02-05,0.218919,0.245107,0.233661
2026-02-06,0.219587,0.237780,0.230939
2026-02-09,0.222017,0.232614,0.228800
2026-02-10,0.222210,0.230093,0.228074
2026-02-11,0.223002,0.223481,0.226040
2026-02-12,0.268399,0.218201,0.224272
2026-02-13,0.275525,0.290699,0.247476
2026-02-17,0.291766,0.295688,0.248374
2026-02-18,0.289189,0.311258,0.251693
2026-02-19,0.287170,0.301856,0.247056
2026-02-20,0.289628,0.297942,0.245021
2026-02-23,0.289554,0.294876,0.242735
2026-02-24,0.296010,0.286853,0.239177
2026-02-25,0.296487,0.291139,0.239651
2026-02-26,0.297043,0.283833,0.236566
2026-02-27,0.312836,0.275787,0.233766
2026-03-02,0.312085,0.296008,0.241332
2026-03-03,0.310570,0.287101,0.237724
2026-03-04,0.291637,0.278720,0.234704
2026-03-05,0.293196,0.270840,0.232097
2026-03-06,0.295436,0.264676,0.230330
2026-03-09,0.296260,0.260110,0.229246
2026-03-10,0.284520,0.254796,0.227476
2026-03-11,0.282808,0.247441,0.225341
2026-03-12,0.287916,0.239903,0.223401
2026-03-13,0.294095,0.244706,0.225798
2026-03-16,0.295645,0.252599,0.229038
2026-03-17,0.270348,0.248437,0.227515
2026-03-18,0.273841,0.241837,0.225493
2026-03-19,0.260506,0.243630,0.226702
2026-03-20,0.260476,0.236701,0.224861
2026-03-23,0.263364,0.229992,0.223216
2026-03-24,0.262367,0.229548,0.223020
2026-03-25,0.263098,0.222567,0.221314
2026-03-26,0.261881,0.216315,0.219849
2026-03-27,0.222322,0.209767,0.218481
2026-03-30,0.214144,0.213030,0.220288
2026-03-31,0.210885,0.209330,0.219861
2026-04-01,0.212162,0.231458,0.225613
2026-04-02,0.208477,0.226158,0.223954
2026-04-06,0.206242,0.219313,0.222143
2026-04-07,0.213243,0.217221,0.221504
2026-04-08,0.212230,0.225773,0.224696
2026-04-09,0.211693,0.233736,0.226492
2026-04-10,0.211555,0.227863,0.224627
2026-04-13,0.190334,0.220921,0.222762
2026-04-14,0.190176,0.215046,0.221457
2026-04-15,0.208434,0.208569,0.219988
2026-04-16,0.210756,0.231418,0.225890
2026-04-17,0.221533,0.228734,0.225418
2026-04-20,0.219955,0.243082,0.228980
2026-04-21,0.232625,0.239109,0.227402
2026-04-22,0.243724,0.252170,0.231936
2026-04-23,0.243682,0.264505,0.234835
2026-04-24,0.237459,0.256474,0.231884
2026-04-27,0.230534,0.250954,0.230172
2026-04-28,0.230795,0.248355,0.229566
2026-04-29,0.230900,0.244919,0.228128
2026-04-30,0.223781,0.237585,0.225979
2026-05-01,0.238115,0.230969,0.224038
2026-05-04,0.241498,0.255955,0.230967
2026-05-05,0.248519,0.252425,0.230039
